id;operator_id;url;second_url;title;alias
1;synergies Tasty Liberian Dollar;http://hortense.name;back-end invoice;streamline;Accountability Buckinghamshire proactive
2;architect Cotton;https://lonny.info;knowledge user;Handcrafted Steel Shirt dynamic Handmade;Home Loan Account value-added bypass
3;payment;http://clotilde.net;virtual Implementation Executive;web-enabled best-of-breed;index clicks-and-mortar
4;Incredible Granite Chair Somalia;http://treva.com;user-centric unleash;Ports cross-platform;Liaison
5;Division magnetic mint green;https://dortha.info;Australian Dollar calculating Tactics;Prairie Idaho streamline;Rand Springs
6;back-end solution-oriented Cotton;https://chet.biz;Auto Loan Account Inverse primary;Table Small Frozen Soap Auto Loan Account;Developer Credit Card Account Checking Account
7;virtual Quality Gloves;http://patsy.name;invoice Frozen Global;Fantastic Cotton Salad Ergonomic Concrete Chair orchestrate;backing up
8;Unbranded Senior;http://ashtyn.net;Liberia microchip Garden;reboot;drive
9;Technician Square Credit Card Account;https://keenan.biz;Taiwan array revolutionize;Clothing Bosnia and Herzegovina Division;tan Yuan Renminbi Berkshire
10;interfaces Virginia;http://cielo.com;connecting SCSI;Home Loan Account Sleek California;Unbranded eyeballs
